,Series Name,Country Name,Year,Value
209,GDP,Afghanistan,2016 [YR2016],2023.834656
210,GDP,Albania,2016 [YR2016],12082.74249
211,GDP,Algeria,2016 [YR2016],11685.45142
212,GDP,Angola,2016 [YR2016],7027.146634
213,GDP,Argentina,2016 [YR2016],20307.87005
214,GDP,Armenia,2016 [YR2016],10966.85333
215,GDP,Australia,2016 [YR2016],47249.43482
216,GDP,Austria,2016 [YR2016],52684.01711
217,GDP,Azerbaijan,2016 [YR2016],14371.02274
218,GDP,"Bahamas, The",2016 [YR2016],32341.20981
219,GDP,Bahrain,2016 [YR2016],45281.30192
220,GDP,Bangladesh,2016 [YR2016],4558.563895
221,GDP,Barbados,2016 [YR2016],16370.74562
222,GDP,Belarus,2016 [YR2016],17785.9432
223,GDP,Belgium,2016 [YR2016],48597.39998
224,GDP,Belize,2016 [YR2016],9161.625047
225,GDP,Benin,2016 [YR2016],2901.264671
226,GDP,Bhutan,2016 [YR2016],10275.16059
227,GDP,Bolivia,2016 [YR2016],7345.826843
228,GDP,Bosnia and Herzegovina,2016 [YR2016],12720.5612
229,GDP,Botswana,2016 [YR2016],15277.04232
230,GDP,Brazil,2016 [YR2016],14208.16111
231,GDP,Brunei Darussalam,2016 [YR2016],55477.4694
232,GDP,Bulgaria,2016 [YR2016],20080.81808
233,GDP,Burkina Faso,2016 [YR2016],1833.433053
234,GDP,Burundi,2016 [YR2016],766.5872206
235,GDP,Cabo Verde,2016 [YR2016],6014.305554
236,GDP,Cambodia,2016 [YR2016],3708.369109
237,GDP,Cameroon,2016 [YR2016],3559.13512
238,GDP,Canada,2016 [YR2016],46472.34025
239,GDP,Cayman Islands,2016 [YR2016],66970.31359
240,GDP,Central African Republic,2016 [YR2016],787.4711684
241,GDP,Chad,2016 [YR2016],1660.984878
242,GDP,Channel Islands,2016 [YR2016],..
243,GDP,Chile,2016 [YR2016],23492.28786
244,GDP,China,2016 [YR2016],13483.37727
245,GDP,Colombia,2016 [YR2016],13971.33959
246,GDP,Comoros,2016 [YR2016],3053.302585
247,GDP,"Congo, Dem. Rep.",2016 [YR2016],932.4051652
248,GDP,"Congo, Rep.",2016 [YR2016],3687.580949
249,GDP,Costa Rica,2016 [YR2016],18898.07522
250,GDP,Cote d'Ivoire,2016 [YR2016],4650.670064
251,GDP,Croatia,2016 [YR2016],25268.46319
252,GDP,Cuba,2016 [YR2016],..
253,GDP,Curacao,2016 [YR2016],23953.9408
254,GDP,Cyprus,2016 [YR2016],35890.12891
255,GDP,Czechia,2016 [YR2016],36097.70526
256,GDP,Denmark,2016 [YR2016],51976.00571
257,GDP,Djibouti,2016 [YR2016],4263.133406
258,GDP,Dominica,2016 [YR2016],12159.62077
259,GDP,Dominican Republic,2016 [YR2016],15911.15439
260,GDP,Ecuador,2016 [YR2016],11068.85685
261,GDP,"Egypt, Arab Rep.",2016 [YR2016],10593.7478
262,GDP,El Salvador,2016 [YR2016],8174.474125
263,GDP,Equatorial Guinea,2016 [YR2016],17771.5628
264,GDP,Eritrea,2016 [YR2016],..
265,GDP,Estonia,2016 [YR2016],31312.7523
266,GDP,Eswatini,2016 [YR2016],8488.449304
267,GDP,Ethiopia,2016 [YR2016],1848.661116
268,GDP,Faroe Islands,2016 [YR2016],..
269,GDP,Fiji,2016 [YR2016],11999.67766
270,GDP,Finland,2016 [YR2016],44934.44821
271,GDP,France,2016 [YR2016],42924.61363
272,GDP,French Polynesia,2016 [YR2016],..
273,GDP,Gabon,2016 [YR2016],13749.83255
274,GDP,"Gambia, The",2016 [YR2016],1918.697016
275,GDP,Georgia,2016 [YR2016],12858.4834
276,GDP,Germany,2016 [YR2016],50579.68393
277,GDP,Ghana,2016 [YR2016],4811.572816
278,GDP,Gibraltar,2016 [YR2016],..
279,GDP,Greece,2016 [YR2016],27511.80102
280,GDP,Guam,2016 [YR2016],..
281,GDP,Guatemala,2016 [YR2016],8221.746427
282,GDP,Guinea,2016 [YR2016],2045.094368
283,GDP,Guinea-Bissau,2016 [YR2016],1697.129045
284,GDP,Guyana,2016 [YR2016],11479.46201
285,GDP,Haiti,2016 [YR2016],3120.340108
286,GDP,Honduras,2016 [YR2016],5043.871489
287,GDP,"Hong Kong SAR, China",2016 [YR2016],57225.09
288,GDP,Hungary,2016 [YR2016],27947.63769
289,GDP,Iceland,2016 [YR2016],53480.39719
290,GDP,India,2016 [YR2016],5778.269614
291,GDP,Indonesia,2016 [YR2016],10482.699
292,GDP,"Iran, Islamic Rep.",2016 [YR2016],14661.83944
293,GDP,Iraq,2016 [YR2016],8920.041235
294,GDP,Ireland,2016 [YR2016],71498.60101
295,GDP,Isle of Man,2016 [YR2016],..
296,GDP,Israel,2016 [YR2016],37843.19463
297,GDP,Italy,2016 [YR2016],39926.95466
298,GDP,Jamaica,2016 [YR2016],9533.839562
299,GDP,Japan,2016 [YR2016],40596.96866
300,GDP,Jordan,2016 [YR2016],9056.909871
301,GDP,Kazakhstan,2016 [YR2016],23818.82483
302,GDP,Kenya,2016 [YR2016],4025.841747
303,GDP,Kiribati,2016 [YR2016],1960.613473
304,GDP,"Korea, Dem. People's Rep.",2016 [YR2016],..
305,GDP,"Korea, Rep.",2016 [YR2016],39575.45428
306,GDP,Kosovo,2016 [YR2016],10007.68923
307,GDP,Kuwait,2016 [YR2016],43678.51632
308,GDP,Kyrgyz Republic,2016 [YR2016],4681.174733
309,GDP,Lao PDR,2016 [YR2016],6798.360308
310,GDP,Latvia,2016 [YR2016],26721.7262
311,GDP,Lebanon,2016 [YR2016],16588.08663
312,GDP,Lesotho,2016 [YR2016],2894.83384
313,GDP,Liberia,2016 [YR2016],1393.543985
314,GDP,Libya,2016 [YR2016],21871.7681
315,GDP,Liechtenstein,2016 [YR2016],..
316,GDP,Lithuania,2016 [YR2016],30925.17085
317,GDP,Luxembourg,2016 [YR2016],113365.1761
318,GDP,"Macao SAR, China",2016 [YR2016],112351.2772
319,GDP,Madagascar,2016 [YR2016],1568.389357
320,GDP,Malawi,2016 [YR2016],1437.616573
321,GDP,Malaysia,2016 [YR2016],24864.04533
322,GDP,Maldives,2016 [YR2016],18225.96857
323,GDP,Mali,2016 [YR2016],2103.008648
324,GDP,Malta,2016 [YR2016],39718.60387
325,GDP,Marshall Islands,2016 [YR2016],4294.662935
326,GDP,Mauritania,2016 [YR2016],4829.604325
327,GDP,Mauritius,2016 [YR2016],21313.30635
328,GDP,Mexico,2016 [YR2016],19612.14849
329,GDP,"Micronesia, Fed. Sts.",2016 [YR2016],3381.858244
330,GDP,Moldova,2016 [YR2016],10606.63211
331,GDP,Monaco,2016 [YR2016],..
332,GDP,Mongolia,2016 [YR2016],10832.48254
333,GDP,Montenegro,2016 [YR2016],18205.24833
334,GDP,Morocco,2016 [YR2016],7693.057129
335,GDP,Mozambique,2016 [YR2016],1370.244908
336,GDP,Myanmar,2016 [YR2016],4120.737169
337,GDP,Namibia,2016 [YR2016],10582.81823
338,GDP,Nauru,2016 [YR2016],12492.76767
339,GDP,Nepal,2016 [YR2016],2925.532146
340,GDP,Netherlands,2016 [YR2016],52288.41508
341,GDP,New Caledonia,2016 [YR2016],..
342,GDP,New Zealand,2016 [YR2016],39933.57444
343,GDP,Nicaragua,2016 [YR2016],5618.066546
344,GDP,Niger,2016 [YR2016],1146.010418
345,GDP,Nigeria,2016 [YR2016],5159.580444
346,GDP,North Macedonia,2016 [YR2016],15142.87633
347,GDP,Northern Mariana Islands,2016 [YR2016],..
348,GDP,Norway,2016 [YR2016],58939.91261
349,GDP,Oman,2016 [YR2016],33800.29205
350,GDP,Pakistan,2016 [YR2016],4733.546102
351,GDP,Palau,2016 [YR2016],18022.44262
352,GDP,Panama,2016 [YR2016],27902.76813
353,GDP,Papua New Guinea,2016 [YR2016],3851.264927
354,GDP,Paraguay,2016 [YR2016],13024.14989
355,GDP,Peru,2016 [YR2016],11933.60033
356,GDP,Philippines,2016 [YR2016],7614.773193
357,GDP,Poland,2016 [YR2016],28165.83655
358,GDP,Portugal,2016 [YR2016],31607.75424
359,GDP,Puerto Rico,2016 [YR2016],34346.86733
360,GDP,Qatar,2016 [YR2016],84998.46792
361,GDP,Romania,2016 [YR2016],23912.5076
362,GDP,Russian Federation,2016 [YR2016],24128.08594
363,GDP,Rwanda,2016 [YR2016],1841.107989
364,GDP,Samoa,2016 [YR2016],6098.966116
365,GDP,San Marino,2016 [YR2016],56893.47223
366,GDP,Sao Tome and Principe,2016 [YR2016],3862.70804
367,GDP,Saudi Arabia,2016 [YR2016],44160.28801
368,GDP,Senegal,2016 [YR2016],3126.431885
369,GDP,Serbia,2016 [YR2016],15863.1877
370,GDP,Seychelles,2016 [YR2016],26824.75405
371,GDP,Sierra Leone,2016 [YR2016],1561.45038
372,GDP,Singapore,2016 [YR2016],89436.59811
373,GDP,Sint Maarten (Dutch part),2016 [YR2016],38230.03186
374,GDP,Slovak Republic,2016 [YR2016],29645.74189
375,GDP,Slovenia,2016 [YR2016],33936.04406
376,GDP,Solomon Islands,2016 [YR2016],2561.138317
377,GDP,Somalia,2016 [YR2016],1127.866195
378,GDP,South Africa,2016 [YR2016],13696.16357
379,GDP,South Sudan,2016 [YR2016],..
380,GDP,Spain,2016 [YR2016],37286.21343
381,GDP,Sri Lanka,2016 [YR2016],13056.64225
382,GDP,St. Kitts and Nevis,2016 [YR2016],27952.8489
383,GDP,St. Lucia,2016 [YR2016],14584.53015
384,GDP,St. Vincent and the Grenadines,2016 [YR2016],13530.46664
385,GDP,Sudan,2016 [YR2016],4813.868652
386,GDP,Suriname,2016 [YR2016],14633.19259
387,GDP,Sweden,2016 [YR2016],50430.25282
388,GDP,Switzerland,2016 [YR2016],68105.15498
389,GDP,Syrian Arab Republic,2016 [YR2016],..
390,GDP,Tajikistan,2016 [YR2016],3092.853611
391,GDP,Tanzania,2016 [YR2016],2417.691406
392,GDP,Thailand,2016 [YR2016],16231.25449
393,GDP,Timor-Leste,2016 [YR2016],3117.111939
394,GDP,Togo,2016 [YR2016],1915.58503
395,GDP,Tonga,2016 [YR2016],5926.576629
396,GDP,Trinidad and Tobago,2016 [YR2016],25968.172
397,GDP,Tunisia,2016 [YR2016],10634.50162
398,GDP,Turkiye,2016 [YR2016],26122.1133
399,GDP,Turkmenistan,2016 [YR2016],13375.22898
400,GDP,Turks and Caicos Islands,2016 [YR2016],25190.06425
401,GDP,Tuvalu,2016 [YR2016],4049.092499
402,GDP,Uganda,2016 [YR2016],2141.124329
403,GDP,Ukraine,2016 [YR2016],11148.19629
404,GDP,United Arab Emirates,2016 [YR2016],68853.81977
405,GDP,United Kingdom,2016 [YR2016],44635.29956
406,GDP,United States,2016 [YR2016],57866.74493
407,GDP,Uruguay,2016 [YR2016],22522.6243
408,GDP,Uzbekistan,2016 [YR2016],6796.904892
409,GDP,Vanuatu,2016 [YR2016],2867.340123
410,GDP,"Venezuela, RB",2016 [YR2016],..
411,GDP,Vietnam,2016 [YR2016],8277.684129
412,GDP,Virgin Islands (U.S.),2016 [YR2016],..
413,GDP,West Bank and Gaza,2016 [YR2016],6305.391803
414,GDP,World,2016 [YR2016],15517.33004
415,GDP,"Yemen, Rep.",2016 [YR2016],..
416,GDP,Zambia,2016 [YR2016],3322.578918
417,GDP,Zimbabwe,2016 [YR2016],2724.452742
632,GDP,Afghanistan,2017 [YR2017],2096.093111
633,GDP,Albania,2017 [YR2017],12773.2684
634,GDP,Algeria,2017 [YR2017],11809.48303
635,GDP,Angola,2017 [YR2017],7216.061373
636,GDP,Argentina,2017 [YR2017],23597.11775
637,GDP,Armenia,2017 [YR2017],12509.63961
638,GDP,Australia,2017 [YR2017],48400.24579
639,GDP,Austria,2017 [YR2017],54172.98679
640,GDP,Azerbaijan,2017 [YR2017],14121.40694
641,GDP,"Bahamas, The",2017 [YR2017],34357.27066
642,GDP,Bahrain,2017 [YR2017],48929.44701
643,GDP,Bangladesh,2017 [YR2017],4830.776083
644,GDP,Barbados,2017 [YR2017],16198.96216
645,GDP,Belarus,2017 [YR2017],18356.10077
646,GDP,Belgium,2017 [YR2017],50442.27054
647,GDP,Belize,2017 [YR2017],8873.754025
648,GDP,Benin,2017 [YR2017],2933.837384
649,GDP,Bhutan,2017 [YR2017],10986.88814
650,GDP,Bolivia,2017 [YR2017],8244.933445
651,GDP,Bosnia and Herzegovina,2017 [YR2017],13402.43397
652,GDP,Botswana,2017 [YR2017],14656.77299
653,GDP,Brazil,2017 [YR2017],14477.86177
654,GDP,Brunei Darussalam,2017 [YR2017],60173.05113
655,GDP,Bulgaria,2017 [YR2017],21473.80481
656,GDP,Burkina Faso,2017 [YR2017],1978.155012
657,GDP,Burundi,2017 [YR2017],750.7876163
658,GDP,Cabo Verde,2017 [YR2017],6320.342096
659,GDP,Cambodia,2017 [YR2017],3972.724164
660,GDP,Cameroon,2017 [YR2017],3691.094724
661,GDP,Canada,2017 [YR2017],48317.17458
662,GDP,Cayman Islands,2017 [YR2017],69534.77191
663,GDP,Central African Republic,2017 [YR2017],839.6000095
664,GDP,Chad,2017 [YR2017],1579.7606
665,GDP,Channel Islands,2017 [YR2017],..
666,GDP,Chile,2017 [YR2017],24546.91242
667,GDP,China,2017 [YR2017],14243.53261
668,GDP,Colombia,2017 [YR2017],14334.91461
669,GDP,Comoros,2017 [YR2017],3240.17917
670,GDP,"Congo, Dem. Rep.",2017 [YR2017],1023.539833
671,GDP,"Congo, Rep.",2017 [YR2017],4073.926085
672,GDP,Costa Rica,2017 [YR2017],20168.22048
673,GDP,Cote d'Ivoire,2017 [YR2017],4750.936451
674,GDP,Croatia,2017 [YR2017],27211.8238
675,GDP,Cuba,2017 [YR2017],..
676,GDP,Curacao,2017 [YR2017],24599.93783
677,GDP,Cyprus,2017 [YR2017],38421.96875
678,GDP,Czechia,2017 [YR2017],38824.88792
679,GDP,Denmark,2017 [YR2017],55356.68078
680,GDP,Djibouti,2017 [YR2017],4451.683846
681,GDP,Dominica,2017 [YR2017],11511.60642
682,GDP,Dominican Republic,2017 [YR2017],16524.53384
683,GDP,Ecuador,2017 [YR2017],11679.43023
684,GDP,"Egypt, Arab Rep.",2017 [YR2017],10435.91719
685,GDP,El Salvador,2017 [YR2017],8617.921708
686,GDP,Equatorial Guinea,2017 [YR2017],19617.84471
687,GDP,Eritrea,2017 [YR2017],..
688,GDP,Estonia,2017 [YR2017],33821.93291
689,GDP,Eswatini,2017 [YR2017],8213.920625
690,GDP,Ethiopia,2017 [YR2017],1987.968754
691,GDP,Faroe Islands,2017 [YR2017],..
692,GDP,Fiji,2017 [YR2017],12822.0136
693,GDP,Finland,2017 [YR2017],47570.13358
694,GDP,France,2017 [YR2017],44577.06457
695,GDP,French Polynesia,2017 [YR2017],..
696,GDP,Gabon,2017 [YR2017],14478.13031
697,GDP,"Gambia, The",2017 [YR2017],1927.039942
698,GDP,Georgia,2017 [YR2017],13589.70739
699,GDP,Germany,2017 [YR2017],53071.45557
700,GDP,Ghana,2017 [YR2017],4929.567954
701,GDP,Gibraltar,2017 [YR2017],..
702,GDP,Greece,2017 [YR2017],28604.86094
703,GDP,Guam,2017 [YR2017],..
704,GDP,Guatemala,2017 [YR2017],8322.21681
705,GDP,Guinea,2017 [YR2017],2383.578867
706,GDP,Guinea-Bissau,2017 [YR2017],1872.309281
707,GDP,Guyana,2017 [YR2017],12193.62168
708,GDP,Haiti,2017 [YR2017],3187.789761
709,GDP,Honduras,2017 [YR2017],5447.698792
710,GDP,"Hong Kong SAR, China",2017 [YR2017],59842.213
711,GDP,Hungary,2017 [YR2017],29501.12042
712,GDP,Iceland,2017 [YR2017],55638.49206
713,GDP,India,2017 [YR2017],6112.06665
714,GDP,Indonesia,2017 [YR2017],10941.92095
715,GDP,"Iran, Islamic Rep.",2017 [YR2017],15163.29231
716,GDP,Iraq,2017 [YR2017],9976.854942
717,GDP,Ireland,2017 [YR2017],77749.20196
718,GDP,Isle of Man,2017 [YR2017],..
719,GDP,Israel,2017 [YR2017],39121.29583
720,GDP,Italy,2017 [YR2017],41581.12079
721,GDP,Jamaica,2017 [YR2017],9984.577117
722,GDP,Japan,2017 [YR2017],41444.21574
723,GDP,Jordan,2017 [YR2017],9629.102999
724,GDP,Kazakhstan,2017 [YR2017],24862.96612
725,GDP,Kenya,2017 [YR2017],4312.908917
726,GDP,Kiribati,2017 [YR2017],1962.319554
727,GDP,"Korea, Dem. People's Rep.",2017 [YR2017],..
728,GDP,"Korea, Rep.",2017 [YR2017],40957.41806
729,GDP,Kosovo,2017 [YR2017],10436.16885
730,GDP,Kuwait,2017 [YR2017],50007.29954
731,GDP,Kyrgyz Republic,2017 [YR2017],5046.691535
732,GDP,Lao PDR,2017 [YR2017],7211.259089
733,GDP,Latvia,2017 [YR2017],28673.5634
734,GDP,Lebanon,2017 [YR2017],17808.07689
735,GDP,Lesotho,2017 [YR2017],2571.694113
736,GDP,Liberia,2017 [YR2017],1533.411238
737,GDP,Libya,2017 [YR2017],24212.91093
738,GDP,Liechtenstein,2017 [YR2017],..
739,GDP,Lithuania,2017 [YR2017],33761.87124
740,GDP,Luxembourg,2017 [YR2017],114985.8422
741,GDP,"Macao SAR, China",2017 [YR2017],122977.509
742,GDP,Madagascar,2017 [YR2017],1548.156425
743,GDP,Malawi,2017 [YR2017],1454.777492
744,GDP,Malaysia,2017 [YR2017],25935.1427
745,GDP,Maldives,2017 [YR2017],18973.56896
746,GDP,Mali,2017 [YR2017],2153.845638
747,GDP,Malta,2017 [YR2017],43516.55268
748,GDP,Marshall Islands,2017 [YR2017],4634.936846
749,GDP,Mauritania,2017 [YR2017],5259.065063
750,GDP,Mauritius,2017 [YR2017],22148.62439
751,GDP,Mexico,2017 [YR2017],20032.40861
752,GDP,"Micronesia, Fed. Sts.",2017 [YR2017],3522.288311
753,GDP,Moldova,2017 [YR2017],11651.18635
754,GDP,Monaco,2017 [YR2017],..
755,GDP,Mongolia,2017 [YR2017],11431.49802
756,GDP,Montenegro,2017 [YR2017],19685.80885
757,GDP,Morocco,2017 [YR2017],7921.619141
758,GDP,Mozambique,2017 [YR2017],1287.234867
759,GDP,Myanmar,2017 [YR2017],4312.947389
760,GDP,Namibia,2017 [YR2017],10335.26742
761,GDP,Nauru,2017 [YR2017],11746.62695
762,GDP,Nepal,2017 [YR2017],3495.5288
763,GDP,Netherlands,2017 [YR2017],55088.6338
764,GDP,New Caledonia,2017 [YR2017],..
765,GDP,New Zealand,2017 [YR2017],42218.53771
766,GDP,Nicaragua,2017 [YR2017],5915.375443
767,GDP,Niger,2017 [YR2017],1155.973559
768,GDP,Nigeria,2017 [YR2017],5120.005598
769,GDP,North Macedonia,2017 [YR2017],15709.28743
770,GDP,Northern Mariana Islands,2017 [YR2017],..
771,GDP,Norway,2017 [YR2017],64050.75617
772,GDP,Oman,2017 [YR2017],34218.38813
773,GDP,Pakistan,2017 [YR2017],4891.719774
774,GDP,Palau,2017 [YR2017],17594.68886
775,GDP,Panama,2017 [YR2017],30526.37985
776,GDP,Papua New Guinea,2017 [YR2017],3966.947432
777,GDP,Paraguay,2017 [YR2017],13604.17472
778,GDP,Peru,2017 [YR2017],12442.74646
779,GDP,Philippines,2017 [YR2017],8001.75648
780,GDP,Poland,2017 [YR2017],29958.12071
781,GDP,Portugal,2017 [YR2017],33044.71674
782,GDP,Puerto Rico,2017 [YR2017],34363.75463
783,GDP,Qatar,2017 [YR2017],92177.59594
784,GDP,Romania,2017 [YR2017],26948.15905
785,GDP,Russian Federation,2017 [YR2017],25926.44336
786,GDP,Rwanda,2017 [YR2017],1934.972955
787,GDP,Samoa,2017 [YR2017],6238.795875
788,GDP,San Marino,2017 [YR2017],58201.5271
789,GDP,Sao Tome and Principe,2017 [YR2017],3934.8942
790,GDP,Saudi Arabia,2017 [YR2017],45795.51353
791,GDP,Senegal,2017 [YR2017],3259.19258
792,GDP,Serbia,2017 [YR2017],16614.01419
793,GDP,Seychelles,2017 [YR2017],28116.71049
794,GDP,Sierra Leone,2017 [YR2017],1593.483529
795,GDP,Singapore,2017 [YR2017],95310.33386
796,GDP,Sint Maarten (Dutch part),2017 [YR2017],37914.12297
797,GDP,Slovak Republic,2017 [YR2017],30061.55147
798,GDP,Slovenia,2017 [YR2017],36507.55304
799,GDP,Solomon Islands,2017 [YR2017],2625.089026
800,GDP,Somalia,2017 [YR2017],1059.143932
801,GDP,South Africa,2017 [YR2017],13950.45348
802,GDP,South Sudan,2017 [YR2017],..
803,GDP,Spain,2017 [YR2017],39528.92539
804,GDP,Sri Lanka,2017 [YR2017],13584.19311
805,GDP,St. Kitts and Nevis,2017 [YR2017],29333.39318
806,GDP,St. Lucia,2017 [YR2017],15247.45884
807,GDP,St. Vincent and the Grenadines,2017 [YR2017],13633.04812
808,GDP,Sudan,2017 [YR2017],4613.950195
809,GDP,Suriname,2017 [YR2017],17753.06027
810,GDP,Sweden,2017 [YR2017],51947.95425
811,GDP,Switzerland,2017 [YR2017],69103.57026
812,GDP,Syrian Arab Republic,2017 [YR2017],..
813,GDP,Tajikistan,2017 [YR2017],3236.439344
814,GDP,Tanzania,2017 [YR2017],2458.342773
815,GDP,Thailand,2017 [YR2017],17008.03842
816,GDP,Timor-Leste,2017 [YR2017],3138.438745
817,GDP,Togo,2017 [YR2017],1972.697196
818,GDP,Tonga,2017 [YR2017],6256.981273
819,GDP,Trinidad and Tobago,2017 [YR2017],26213.92451
820,GDP,Tunisia,2017 [YR2017],10874.94689
821,GDP,Turkiye,2017 [YR2017],27582.83235
822,GDP,Turkmenistan,2017 [YR2017],13703.51272
823,GDP,Turks and Caicos Islands,2017 [YR2017],25207.83169
824,GDP,Tuvalu,2017 [YR2017],4208.92376
825,GDP,Uganda,2017 [YR2017],2128.396869
826,GDP,Ukraine,2017 [YR2017],11860.56055
827,GDP,United Arab Emirates,2017 [YR2017],71182.37071
828,GDP,United Kingdom,2017 [YR2017],46372.3866
829,GDP,United States,2017 [YR2017],59914.7778
830,GDP,Uruguay,2017 [YR2017],23106.99819
831,GDP,Uzbekistan,2017 [YR2017],6840.70986
832,GDP,Vanuatu,2017 [YR2017],3031.190628
833,GDP,"Venezuela, RB",2017 [YR2017],..
834,GDP,Vietnam,2017 [YR2017],9050.688534
835,GDP,Virgin Islands (U.S.),2017 [YR2017],..
836,GDP,West Bank and Gaza,2017 [YR2017],6401.740891
837,GDP,World,2017 [YR2017],16155.85021
838,GDP,"Yemen, Rep.",2017 [YR2017],..
839,GDP,Zambia,2017 [YR2017],3395.479686
840,GDP,Zimbabwe,2017 [YR2017],2331.780833
1055,GDP,Afghanistan,2018 [YR2018],2109.929296
1056,GDP,Albania,2018 [YR2018],13495.54182
1057,GDP,Algeria,2018 [YR2018],12006.01024
1058,GDP,Angola,2018 [YR2018],7042.923829
1059,GDP,Argentina,2018 [YR2018],23290.67574
1060,GDP,Armenia,2018 [YR2018],13547.5314
1061,GDP,Australia,2018 [YR2018],50192.95733
1062,GDP,Austria,2018 [YR2018],56960.09143
1063,GDP,Azerbaijan,2018 [YR2018],14549.0619
1064,GDP,"Bahamas, The",2018 [YR2018],35564.95145
1065,GDP,Bahrain,2018 [YR2018],50106.7864
1066,GDP,Bangladesh,2018 [YR2018],5246.923588
1067,GDP,Barbados,2018 [YR2018],16386.19132
1068,GDP,Belarus,2018 [YR2018],19428.00746
1069,GDP,Belgium,2018 [YR2018],52535.23222
1070,GDP,Belize,2018 [YR2018],9008.736618
1071,GDP,Benin,2018 [YR2018],3112.797453
1072,GDP,Bhutan,2018 [YR2018],11502.15678
1073,GDP,Bolivia,2018 [YR2018],8668.553853
1074,GDP,Bosnia and Herzegovina,2018 [YR2018],14581.36234
1075,GDP,Botswana,2018 [YR2018],15319.52686
1076,GDP,Brazil,2018 [YR2018],14968.85475
1077,GDP,Brunei Darussalam,2018 [YR2018],61075.28206
1078,GDP,Bulgaria,2018 [YR2018],23011.54091
1079,GDP,Burkina Faso,2018 [YR2018],2100.222262
1080,GDP,Burundi,2018 [YR2018],758.1376112
1081,GDP,Cabo Verde,2018 [YR2018],6690.56938
1082,GDP,Cambodia,2018 [YR2018],4318.381235
1083,GDP,Cameroon,2018 [YR2018],3821.671109
1084,GDP,Canada,2018 [YR2018],49992.76228
1085,GDP,Cayman Islands,2018 [YR2018],72743.31905
1086,GDP,Central African Republic,2018 [YR2018],875.065113
1087,GDP,Chad,2018 [YR2018],1600.897168
1088,GDP,Channel Islands,2018 [YR2018],..
1089,GDP,Chile,2018 [YR2018],25564.53672
1090,GDP,China,2018 [YR2018],15495.54842
1091,GDP,Colombia,2018 [YR2018],15161.31797
1092,GDP,Comoros,2018 [YR2018],3373.545867
1093,GDP,"Congo, Dem. Rep.",2018 [YR2018],1073.289169
1094,GDP,"Congo, Rep.",2018 [YR2018],3876.869795
1095,GDP,Costa Rica,2018 [YR2018],21144.40977
1096,GDP,Cote d'Ivoire,2018 [YR2018],5067.861554
1097,GDP,Croatia,2018 [YR2018],28903.72608
1098,GDP,Cuba,2018 [YR2018],..
1099,GDP,Curacao,2018 [YR2018],24771.60103
1100,GDP,Cyprus,2018 [YR2018],40668.61719
1101,GDP,Czechia,2018 [YR2018],41135.49298
1102,GDP,Denmark,2018 [YR2018],57482.9624
1103,GDP,Djibouti,2018 [YR2018],4699.019074
1104,GDP,Dominica,2018 [YR2018],12132.38264
1105,GDP,Dominican Republic,2018 [YR2018],17901.81933
1106,GDP,Ecuador,2018 [YR2018],11885.74545
1107,GDP,"Egypt, Arab Rep.",2018 [YR2018],11041.38689
1108,GDP,El Salvador,2018 [YR2018],9022.725378
1109,GDP,Equatorial Guinea,2018 [YR2018],18189.37669
1110,GDP,Eritrea,2018 [YR2018],..
1111,GDP,Estonia,2018 [YR2018],36249.35815
1112,GDP,Eswatini,2018 [YR2018],8542.312783
1113,GDP,Ethiopia,2018 [YR2018],2116.848258
1114,GDP,Faroe Islands,2018 [YR2018],..
1115,GDP,Fiji,2018 [YR2018],13629.17212
1116,GDP,Finland,2018 [YR2018],49580.6052
1117,GDP,France,2018 [YR2018],46537.47404
1118,GDP,French Polynesia,2018 [YR2018],..
1119,GDP,Gabon,2018 [YR2018],14595.00234
1120,GDP,"Gambia, The",2018 [YR2018],2060.671783
1121,GDP,Georgia,2018 [YR2018],14593.92448
1122,GDP,Germany,2018 [YR2018],55235.3663
1123,GDP,Ghana,2018 [YR2018],5247.692258
1124,GDP,Gibraltar,2018 [YR2018],..
1125,GDP,Greece,2018 [YR2018],29617.54834
1126,GDP,Guam,2018 [YR2018],..
1127,GDP,Guatemala,2018 [YR2018],8671.443375
1128,GDP,Guinea,2018 [YR2018],2530.768638
1129,GDP,Guinea-Bissau,2018 [YR2018],1896.128317
1130,GDP,Guyana,2018 [YR2018],12669.84096
1131,GDP,Haiti,2018 [YR2018],3273.521318
1132,GDP,Honduras,2018 [YR2018],5694.121701
1133,GDP,"Hong Kong SAR, China",2018 [YR2018],62513.95681
1134,GDP,Hungary,2018 [YR2018],31913.07466
1135,GDP,Iceland,2018 [YR2018],57211.30031
1136,GDP,India,2018 [YR2018],6589.913808
1137,GDP,Indonesia,2018 [YR2018],11669.71728
1138,GDP,"Iran, Islamic Rep.",2018 [YR2018],14978.43347
1139,GDP,Iraq,2018 [YR2018],10233.83233
1140,GDP,Ireland,2018 [YR2018],84555.6348
1141,GDP,Isle of Man,2018 [YR2018],..
1142,GDP,Israel,2018 [YR2018],39906.12468
1143,GDP,Italy,2018 [YR2018],43036.24378
1144,GDP,Jamaica,2018 [YR2018],10403.50501
1145,GDP,Japan,2018 [YR2018],42116.47435
1146,GDP,Jordan,2018 [YR2018],9813.481906
1147,GDP,Kazakhstan,2018 [YR2018],26154.60194
1148,GDP,Kenya,2018 [YR2018],4571.478085
1149,GDP,Kiribati,2018 [YR2018],2082.314269
1150,GDP,"Korea, Dem. People's Rep.",2018 [YR2018],..
1151,GDP,"Korea, Rep.",2018 [YR2018],43044.29176
1152,GDP,Kosovo,2018 [YR2018],11012.10966
1153,GDP,Kuwait,2018 [YR2018],50112.25997
1154,GDP,Kyrgyz Republic,2018 [YR2018],5255.783473
1155,GDP,Lao PDR,2018 [YR2018],7726.617001
1156,GDP,Latvia,2018 [YR2018],30877.04193
1157,GDP,Lebanon,2018 [YR2018],18400.26671
1158,GDP,Lesotho,2018 [YR2018],2602.168342
1159,GDP,Liberia,2018 [YR2018],1558.087849
1160,GDP,Libya,2018 [YR2018],26348.96072
1161,GDP,Liechtenstein,2018 [YR2018],..
1162,GDP,Lithuania,2018 [YR2018],36376.18982
1163,GDP,Luxembourg,2018 [YR2018],116965.5861
1164,GDP,"Macao SAR, China",2018 [YR2018],131505.7046
1165,GDP,Madagascar,2018 [YR2018],1594.527151
1166,GDP,Malawi,2018 [YR2018],1513.744566
1167,GDP,Malaysia,2018 [YR2018],27476.92011
1168,GDP,Maldives,2018 [YR2018],20262.26277
1169,GDP,Mali,2018 [YR2018],2237.78923
1170,GDP,Malta,2018 [YR2018],45552.51445
1171,GDP,Marshall Islands,2018 [YR2018],5073.508106
1172,GDP,Mauritania,2018 [YR2018],5495.439826
1173,GDP,Mauritius,2018 [YR2018],23573.53412
1174,GDP,Mexico,2018 [YR2018],20448.92162
1175,GDP,"Micronesia, Fed. Sts.",2018 [YR2018],3597.811883
1176,GDP,Moldova,2018 [YR2018],12663.23105
1177,GDP,Monaco,2018 [YR2018],..
1178,GDP,Mongolia,2018 [YR2018],12340.22442
1179,GDP,Montenegro,2018 [YR2018],21509.19592
1180,GDP,Morocco,2018 [YR2018],8264.929688
1181,GDP,Mozambique,2018 [YR2018],1323.78513
1182,GDP,Myanmar,2018 [YR2018],4665.131222
1183,GDP,Namibia,2018 [YR2018],10511.43048
1184,GDP,Nauru,2018 [YR2018],12501.6449
1185,GDP,Nepal,2018 [YR2018],3808.162443
1186,GDP,Netherlands,2018 [YR2018],57826.6285
1187,GDP,New Caledonia,2018 [YR2018],..
1188,GDP,New Zealand,2018 [YR2018],42520.75442
1189,GDP,Nicaragua,2018 [YR2018],5771.299827
1190,GDP,Niger,2018 [YR2018],1221.772862
1191,GDP,Nigeria,2018 [YR2018],5211.372976
1192,GDP,North Macedonia,2018 [YR2018],16793.08507
1193,GDP,Northern Mariana Islands,2018 [YR2018],..
1194,GDP,Norway,2018 [YR2018],69808.32941
1195,GDP,Oman,2018 [YR2018],35029.43773
1196,GDP,Pakistan,2018 [YR2018],5235.594795
1197,GDP,Palau,2018 [YR2018],18007.2459
1198,GDP,Panama,2018 [YR2018],31869.2188
1199,GDP,Papua New Guinea,2018 [YR2018],3957.278466
1200,GDP,Paraguay,2018 [YR2018],14179.34127
1201,GDP,Peru,2018 [YR2018],12999.55076
1202,GDP,Philippines,2018 [YR2018],8565.59071
1203,GDP,Poland,2018 [YR2018],32027.60273
1204,GDP,Portugal,2018 [YR2018],34928.54353
1205,GDP,Puerto Rico,2018 [YR2018],35040.69498
1206,GDP,Qatar,2018 [YR2018],93646.64443
1207,GDP,Romania,2018 [YR2018],29562.3725
1208,GDP,Russian Federation,2018 [YR2018],28821.26172
1209,GDP,Rwanda,2018 [YR2018],2099.426124
1210,GDP,Samoa,2018 [YR2018],6286.196595
1211,GDP,San Marino,2018 [YR2018],60305.1391
1212,GDP,Sao Tome and Principe,2018 [YR2018],4082.642683
1213,GDP,Saudi Arabia,2018 [YR2018],46935.98441
1214,GDP,Senegal,2018 [YR2018],3449.340995
1215,GDP,Serbia,2018 [YR2018],17714.50705
1216,GDP,Seychelles,2018 [YR2018],29427.16472
1217,GDP,Sierra Leone,2018 [YR2018],1648.628867
1218,GDP,Singapore,2018 [YR2018],100686.2371
1219,GDP,Sint Maarten (Dutch part),2018 [YR2018],35973.1825
1220,GDP,Slovak Republic,2018 [YR2018],31214.59257
1221,GDP,Slovenia,2018 [YR2018],38961.54435
1222,GDP,Solomon Islands,2018 [YR2018],2696.198024
1223,GDP,Somalia,2018 [YR2018],1124.735945
1224,GDP,South Africa,2018 [YR2018],14324.54504
1225,GDP,South Sudan,2018 [YR2018],..
1226,GDP,Spain,2018 [YR2018],40696.38768
1227,GDP,Sri Lanka,2018 [YR2018],14081.61687
1228,GDP,St. Kitts and Nevis,2018 [YR2018],30666.01387
1229,GDP,St. Lucia,2018 [YR2018],15996.00791
1230,GDP,St. Vincent and the Grenadines,2018 [YR2018],14421.42936
1231,GDP,Sudan,2018 [YR2018],4453.113281
1232,GDP,Suriname,2018 [YR2018],18878.84078
1233,GDP,Sweden,2018 [YR2018],53521.63064
1234,GDP,Switzerland,2018 [YR2018],71660.20684
1235,GDP,Syrian Arab Republic,2018 [YR2018],..
1236,GDP,Tajikistan,2018 [YR2018],3486.438745
1237,GDP,Tanzania,2018 [YR2018],2570.953613
1238,GDP,Thailand,2018 [YR2018],18091.161
1239,GDP,Timor-Leste,2018 [YR2018],3144.170469
1240,GDP,Togo,2018 [YR2018],2069.246648
1241,GDP,Tonga,2018 [YR2018],6438.099983
1242,GDP,Trinidad and Tobago,2018 [YR2018],26144.87064
1243,GDP,Tunisia,2018 [YR2018],11310.57703
1244,GDP,Turkiye,2018 [YR2018],27802.54778
1245,GDP,Turkmenistan,2018 [YR2018],14663.27316
1246,GDP,Turks and Caicos Islands,2018 [YR2018],26178.73841
1247,GDP,Tuvalu,2018 [YR2018],4370.147154
1248,GDP,Uganda,2018 [YR2018],2239.152597
1249,GDP,Ukraine,2018 [YR2018],12631.65723
1250,GDP,United Arab Emirates,2018 [YR2018],73259.90487
1251,GDP,United Kingdom,2018 [YR2018],47573.48802
1252,GDP,United States,2018 [YR2018],62805.25376
1253,GDP,Uruguay,2018 [YR2018],23738.50796
1254,GDP,Uzbekistan,2018 [YR2018],7252.137355
1255,GDP,Vanuatu,2018 [YR2018],3117.789034
1256,GDP,"Venezuela, RB",2018 [YR2018],..
1257,GDP,Vietnam,2018 [YR2018],9866.217883
1258,GDP,Virgin Islands (U.S.),2018 [YR2018],..
1259,GDP,West Bank and Gaza,2018 [YR2018],6469.152794
1260,GDP,World,2018 [YR2018],16958.30482
1261,GDP,"Yemen, Rep.",2018 [YR2018],..
1262,GDP,Zambia,2018 [YR2018],3507.79523
1263,GDP,Zimbabwe,2018 [YR2018],2456.948771
1478,GDP,Afghanistan,2019 [YR2019],2167.704111
1479,GDP,Albania,2019 [YR2019],13973.04584
1480,GDP,Algeria,2019 [YR2019],12118.0045
1481,GDP,Angola,2019 [YR2019],6881.076241
1482,GDP,Argentina,2019 [YR2019],23003.27718
1483,GDP,Armenia,2019 [YR2019],14921.81932
1484,GDP,Australia,2019 [YR2019],51810.77671
1485,GDP,Austria,2019 [YR2019],58076.3488
1486,GDP,Azerbaijan,2019 [YR2019],15051.56128
1487,GDP,"Bahamas, The",2019 [YR2019],36645.82112
1488,GDP,Bahrain,2019 [YR2019],51869.45545
1489,GDP,Bangladesh,2019 [YR2019],5697.949218
1490,GDP,Barbados,2019 [YR2019],16628.16857
1491,GDP,Belarus,2019 [YR2019],20092.88037
1492,GDP,Belgium,2019 [YR2019],54278.38945
1493,GDP,Belize,2019 [YR2019],9409.597799
1494,GDP,Benin,2019 [YR2019],3289.655169
1495,GDP,Bhutan,2019 [YR2019],12295.18374
1496,GDP,Bolivia,2019 [YR2019],8888.701149
1497,GDP,Bosnia and Herzegovina,2019 [YR2019],15418.97992
1498,GDP,Botswana,2019 [YR2019],15756.04378
1499,GDP,Brazil,2019 [YR2019],15304.9077
1500,GDP,Brunei Darussalam,2019 [YR2019],64016.75443
1501,GDP,Bulgaria,2019 [YR2019],24411.28163
1502,GDP,Burkina Faso,2019 [YR2019],2199.116626
1503,GDP,Burundi,2019 [YR2019],760.4533989
1504,GDP,Cabo Verde,2019 [YR2019],7123.550529
1505,GDP,Cambodia,2019 [YR2019],4652.708167
1506,GDP,Cameroon,2019 [YR2019],3915.051508
1507,GDP,Canada,2019 [YR2019],49299.21177
1508,GDP,Cayman Islands,2019 [YR2019],75458.5687
1509,GDP,Central African Republic,2019 [YR2019],898.1373028
1510,GDP,Chad,2019 [YR2019],1627.920102
1511,GDP,Channel Islands,2019 [YR2019],..
1512,GDP,Chile,2019 [YR2019],25206.40166
1513,GDP,China,2019 [YR2019],16652.0988
1514,GDP,Colombia,2019 [YR2019],15720.5742
1515,GDP,Comoros,2019 [YR2019],3429.531083
1516,GDP,"Congo, Dem. Rep.",2019 [YR2019],1104.624423
1517,GDP,"Congo, Rep.",2019 [YR2019],3851.010258
1518,GDP,Costa Rica,2019 [YR2019],22467.87549
1519,GDP,Cote d'Ivoire,2019 [YR2019],5343.001606
1520,GDP,Croatia,2019 [YR2019],30635.66404
1521,GDP,Cuba,2019 [YR2019],..
1522,GDP,Curacao,2019 [YR2019],24657.76304
1523,GDP,Cyprus,2019 [YR2019],42711.28516
1524,GDP,Czechia,2019 [YR2019],42847.00474
1525,GDP,Denmark,2019 [YR2019],58700.97467
1526,GDP,Djibouti,2019 [YR2019],4969.34926
1527,GDP,Dominica,2019 [YR2019],12918.56411
1528,GDP,Dominican Republic,2019 [YR2019],18937.96314
1529,GDP,Ecuador,2019 [YR2019],11870.9364
1530,GDP,"Egypt, Arab Rep.",2019 [YR2019],11652.5738
1531,GDP,El Salvador,2019 [YR2019],9402.17161
1532,GDP,Equatorial Guinea,2019 [YR2019],16925.78796
1533,GDP,Eritrea,2019 [YR2019],..
1534,GDP,Estonia,2019 [YR2019],37850.07415
1535,GDP,Eswatini,2019 [YR2019],8860.058796
1536,GDP,Ethiopia,2019 [YR2019],2273.734896
1537,GDP,Faroe Islands,2019 [YR2019],..
1538,GDP,Fiji,2019 [YR2019],13800.19987
1539,GDP,Finland,2019 [YR2019],50321.53969
1540,GDP,France,2019 [YR2019],48971.08855
1541,GDP,French Polynesia,2019 [YR2019],..
1542,GDP,Gabon,2019 [YR2019],15089.03985
1543,GDP,"Gambia, The",2019 [YR2019],2171.234263
1544,GDP,Georgia,2019 [YR2019],15621.87366
1545,GDP,Germany,2019 [YR2019],55652.88749
1546,GDP,Ghana,2019 [YR2019],5571.564866
1547,GDP,Gibraltar,2019 [YR2019],..
1548,GDP,Greece,2019 [YR2019],30356.2664
1549,GDP,Guam,2019 [YR2019],..
1550,GDP,Guatemala,2019 [YR2019],9037.688376
1551,GDP,Guinea,2019 [YR2019],2652.5568
1552,GDP,Guinea-Bissau,2019 [YR2019],1970.322278
1553,GDP,Guyana,2019 [YR2019],13361.57321
1554,GDP,Haiti,2019 [YR2019],3232.49563
1555,GDP,Honduras,2019 [YR2019],5850.582832
1556,GDP,"Hong Kong SAR, China",2019 [YR2019],62103.42761
1557,GDP,Hungary,2019 [YR2019],33514.94179
1558,GDP,Iceland,2019 [YR2019],58290.09683
1559,GDP,India,2019 [YR2019],6887.538348
1560,GDP,Indonesia,2019 [YR2019],12358.24225
1561,GDP,"Iran, Islamic Rep.",2019 [YR2019],14678.77788
1562,GDP,Iraq,2019 [YR2019],10733.99471
1563,GDP,Ireland,2019 [YR2019],87379.69297
1564,GDP,Isle of Man,2019 [YR2019],..
1565,GDP,Israel,2019 [YR2019],40004.03051
1566,GDP,Italy,2019 [YR2019],44376.1625
1567,GDP,Jamaica,2019 [YR2019],10676.72547
1568,GDP,Japan,2019 [YR2019],42282.55089
1569,GDP,Jordan,2019 [YR2019],9954.268404
1570,GDP,Kazakhstan,2019 [YR2019],27463.97155
1571,GDP,Kenya,2019 [YR2019],4795.403612
1572,GDP,Kiribati,2019 [YR2019],2074.526963
1573,GDP,"Korea, Dem. People's Rep.",2019 [YR2019],..
1574,GDP,"Korea, Rep.",2019 [YR2019],42998.38824
1575,GDP,Kosovo,2019 [YR2019],11796.15331
1576,GDP,Kuwait,2019 [YR2019],49311.69846
1577,GDP,Kyrgyz Republic,2019 [YR2019],5480.293907
1578,GDP,Lao PDR,2019 [YR2019],8170.958382
1579,GDP,Latvia,2019 [YR2019],31883.25911
1580,GDP,Lebanon,2019 [YR2019],17896.94322
1581,GDP,Lesotho,2019 [YR2019],2640.02831
1582,GDP,Liberia,2019 [YR2019],1517.072239
1583,GDP,Libya,2019 [YR2019],23486.54486
1584,GDP,Liechtenstein,2019 [YR2019],..
1585,GDP,Lithuania,2019 [YR2019],38540.78145
1586,GDP,Luxembourg,2019 [YR2019],117341.9151
1587,GDP,"Macao SAR, China",2019 [YR2019],128005.7819
1588,GDP,Madagascar,2019 [YR2019],1652.385832
1589,GDP,Malawi,2019 [YR2019],1581.75721
1590,GDP,Malaysia,2019 [YR2019],28842.38839
1591,GDP,Maldives,2019 [YR2019],21442.73873
1592,GDP,Mali,2019 [YR2019],2312.700701
1593,GDP,Malta,2019 [YR2019],47271.4363
1594,GDP,Marshall Islands,2019 [YR2019],5885.399062
1595,GDP,Mauritania,2019 [YR2019],5738.00988
1596,GDP,Mauritius,2019 [YR2019],24681.05184
1597,GDP,Mexico,2019 [YR2019],20251.7263
1598,GDP,"Micronesia, Fed. Sts.",2019 [YR2019],3690.219681
1599,GDP,Moldova,2019 [YR2019],13580.11657
1600,GDP,Monaco,2019 [YR2019],..
1601,GDP,Mongolia,2019 [YR2019],12983.80399
1602,GDP,Montenegro,2019 [YR2019],23075.08563
1603,GDP,Morocco,2019 [YR2019],8564.418945
1604,GDP,Mozambique,2019 [YR2019],1339.42552
1605,GDP,Myanmar,2019 [YR2019],5033.365324
1606,GDP,Namibia,2019 [YR2019],10432.02821
1607,GDP,Nauru,2019 [YR2019],12507.09241
1608,GDP,Nepal,2019 [YR2019],4087.611166
1609,GDP,Netherlands,2019 [YR2019],59004.32497
1610,GDP,New Caledonia,2019 [YR2019],..
1611,GDP,New Zealand,2019 [YR2019],45554.8094
1612,GDP,Nicaragua,2019 [YR2019],5574.739132
1613,GDP,Niger,2019 [YR2019],1268.827795
1614,GDP,Nigeria,2019 [YR2019],5290.614333
1615,GDP,North Macedonia,2019 [YR2019],17464.2929
1616,GDP,Northern Mariana Islands,2019 [YR2019],..
1617,GDP,Norway,2019 [YR2019],66799.16472
1618,GDP,Oman,2019 [YR2019],35241.22234
1619,GDP,Pakistan,2019 [YR2019],5375.218711
1620,GDP,Palau,2019 [YR2019],18348.51234
1621,GDP,Panama,2019 [YR2019],32874.89103
1622,GDP,Papua New Guinea,2019 [YR2019],4114.483535
1623,GDP,Paraguay,2019 [YR2019],14184.11579
1624,GDP,Peru,2019 [YR2019],13272.65083
1625,GDP,Philippines,2019 [YR2019],9100.385478
1626,GDP,Poland,2019 [YR2019],33728.39436
1627,GDP,Portugal,2019 [YR2019],36172.07254
1628,GDP,Puerto Rico,2019 [YR2019],36261.06526
1629,GDP,Qatar,2019 [YR2019],94674.31214
1630,GDP,Romania,2019 [YR2019],32069.70986
1631,GDP,Russian Federation,2019 [YR2019],30067.74023
1632,GDP,Rwanda,2019 [YR2019],2283.888816
1633,GDP,Samoa,2019 [YR2019],6613.982839
1634,GDP,San Marino,2019 [YR2019],62611.49478
1635,GDP,Sao Tome and Principe,2019 [YR2019],4183.119385
1636,GDP,Saudi Arabia,2019 [YR2019],46852.29817
1637,GDP,Senegal,2019 [YR2019],3575.266048
1638,GDP,Serbia,2019 [YR2019],18819.89122
1639,GDP,Seychelles,2019 [YR2019],30609.05759
1640,GDP,Sierra Leone,2019 [YR2019],1725.562684
1641,GDP,Singapore,2019 [YR2019],102431.3157
1642,GDP,Sint Maarten (Dutch part),2019 [YR2019],..
1643,GDP,Slovak Republic,2019 [YR2019],31966.55484
1644,GDP,Slovenia,2019 [YR2019],40670.87787
1645,GDP,Solomon Islands,2019 [YR2019],2727.306675
1646,GDP,Somalia,2019 [YR2019],1186.326829
1647,GDP,South Africa,2019 [YR2019],14436.83264
1648,GDP,South Sudan,2019 [YR2019],..
1649,GDP,Spain,2019 [YR2019],41695.14695
1650,GDP,Sri Lanka,2019 [YR2019],14214.65121
1651,GDP,St. Kitts and Nevis,2019 [YR2019],32511.29829
1652,GDP,St. Lucia,2019 [YR2019],16113.31752
1653,GDP,St. Vincent and the Grenadines,2019 [YR2019],14788.84181
1654,GDP,Sudan,2019 [YR2019],4307.567383
1655,GDP,Suriname,2019 [YR2019],19227.8401
1656,GDP,Sweden,2019 [YR2019],54598.78035
1657,GDP,Switzerland,2019 [YR2019],72033.92944
1658,GDP,Syrian Arab Republic,2019 [YR2019],..
1659,GDP,Tajikistan,2019 [YR2019],3726.172928
1660,GDP,Tanzania,2019 [YR2019],2686.455078
1661,GDP,Thailand,2019 [YR2019],18763.50902
1662,GDP,Timor-Leste,2019 [YR2019],3895.548594
1663,GDP,Togo,2019 [YR2019],2168.331916
1664,GDP,Tonga,2019 [YR2019],6612.070539
1665,GDP,Trinidad and Tobago,2019 [YR2019],26374.6734
1666,GDP,Tunisia,2019 [YR2019],11552.56755
1667,GDP,Turkiye,2019 [YR2019],26813.06155
1668,GDP,Turkmenistan,2019 [YR2019],15625.36066
1669,GDP,Turks and Caicos Islands,2019 [YR2019],27028.02442
1670,GDP,Tuvalu,2019 [YR2019],5019.833864
1671,GDP,Uganda,2019 [YR2019],2344.975879
1672,GDP,Ukraine,2019 [YR2019],13345.38281
1673,GDP,United Arab Emirates,2019 [YR2019],74811.69022
1674,GDP,United Kingdom,2019 [YR2019],49041.46355
1675,GDP,United States,2019 [YR2019],65094.79943
1676,GDP,Uruguay,2019 [YR2019],24238.13305
1677,GDP,Uzbekistan,2019 [YR2019],7658.27241
1678,GDP,Vanuatu,2019 [YR2019],3199.933726
1679,GDP,"Venezuela, RB",2019 [YR2019],..
1680,GDP,Vietnam,2019 [YR2019],10684.68628
1681,GDP,Virgin Islands (U.S.),2019 [YR2019],..
1682,GDP,West Bank and Gaza,2019 [YR2019],6509.035299
1683,GDP,World,2019 [YR2019],17496.44918
1684,GDP,"Yemen, Rep.",2019 [YR2019],..
1685,GDP,Zambia,2019 [YR2019],3514.688008
1686,GDP,Zimbabwe,2019 [YR2019],2296.390269
